bezirk,gruppe,jahr_2010,jahr_2022,differenz_2022_minus_2010
Adlikon,mean_kinder_0_12,6.529411764705882,5.410958904109589,-1.1184528605962933
Adlikon,mean_erw_18_64,44.681481481481484,43.1151832460733,-1.5662982354081834
Adlikon,mean_erw_65plus,74.58064516129032,74.22222222222223,-0.35842293906809175
Adliswil,mean_kinder_0_12,6.5194331983805665,6.302027748132337,-0.21740545024822922
Adliswil,mean_erw_18_64,41.80747601720145,41.1356783919598,-0.671797625241652
Adliswil,mean_erw_65plus,76.8578313253012,74.91517721902454,-1.9426541062766631
Aesch (ZH),mean_kinder_0_12,6.318352059925093,7.536764705882353,1.21841264595726
Aesch (ZH),mean_erw_18_64,42.40686274509804,42.550324675324674,0.14346193022663556
Aesch (ZH),mean_erw_65plus,76.44514106583073,73.48728813559322,-2.9578529302375074
Aeugst am Albis,mean_kinder_0_12,7.060869565217391,6.857142857142857,-0.20372670807453463
Aeugst am Albis,mean_erw_18_64,45.447068403908794,43.82793017456359,-1.6191382293452037
Aeugst am Albis,mean_erw_65plus,74.34174311926606,73.97972972972973,-0.36201338953632956
Affoltern am Albis,mean_kinder_0_12,6.204780361757106,6.451784358390281,0.2470039966331754
Affoltern am Albis,mean_erw_18_64,41.48086670045616,40.9380046530724,-0.542862047383764
Affoltern am Albis,mean_erw_65plus,75.89450809956539,74.34988839285714,-1.5446197067082466
Altikon,mean_kinder_0_12,6.147368421052631,6.081081081081081,-0.06628733997155045
Altikon,mean_erw_18_64,43.379629629629626,43.907730673316706,0.5281010436870801
Altikon,mean_erw_65plus,73.8944099378882,74.04081632653062,0.1464063886424185
Andelfingen,mean_kinder_0_12,7.333333333333333,6.454918032786885,-0.8784153005464477
Andelfingen,mean_erw_18_64,42.30293896006029,41.476527900797166,-0.8264110592631226
Andelfingen,mean_erw_65plus,76.87179487179488,74.92408376963351,-1.9477111021613638
Bachenbülach,mean_kinder_0_12,6.675521821631879,6.360236220472441,-0.31528560115943804
Bachenbülach,mean_erw_18_64,42.700596421471175,42.17756638921918,-0.5230300322519952
Bachenbülach,mean_erw_65plus,75.73101952277658,73.18625954198474,-2.544759980791838
Bachs,mean_kinder_0_12,7.202702702702703,6.950819672131147,-0.25188303057155537
Bachs,mean_erw_18_64,45.40616966580977,42.73076923076923,-2.6754004350405367
Bachs,mean_erw_65plus,75.06338028169014,75.29702970297029,0.23364942128014832
Bassersdorf,mean_kinder_0_12,6.604166666666667,6.459531772575251,-0.14463489409141594
Bassersdorf,mean_erw_18_64,42.117669902912624,40.824893390191896,-1.292776512720728
Bassersdorf,mean_erw_65plus,75.398623853211,73.86397306397306,-1.5346507892379435
Bauma,mean_kinder_0_12,6.7675213675213675,6.630021141649048,-0.13750022587231925
Bauma,mean_erw_18_64,43.42665795491669,42.095133552872305,-1.331524402044387
Bauma,mean_erw_65plus,74.76384839650146,74.60686427457098,-0.15698412193047773
Benken (ZH),mean_kinder_0_12,6.632075471698113,6.905263157894737,0.27318768619662404
Benken (ZH),mean_erw_18_64,44.15642458100559,42.734545454545454,-1.4218791264601336
Benken (ZH),mean_erw_65plus,74.33136094674556,74.72413793103448,0.39277698428891483
Berg am Irchel,mean_kinder_0_12,6.267857142857143,6.226415094339623,-0.04144204851752065
Berg am Irchel,mean_erw_18_64,45.31073446327684,42.70217917675545,-2.608555286521387
Berg am Irchel,mean_erw_65plus,74.89375,73.33980582524272,-1.5539441747572766
Bezirk Affoltern,mean_kinder_0_12,6.697230058989485,6.513348946135832,-0.18388111285365305
Bezirk Affoltern,mean_erw_18_64,42.96984158928212,42.16228112142379,-0.8075604678583304
Bezirk Affoltern,mean_erw_65plus,75.18867078963879,73.86187993047199,-1.326790859166806
Bezirk Andelfingen,mean_kinder_0_12,6.743074968233799,6.712581063553826,-0.030493904679972594
Bezirk Andelfingen,mean_erw_18_64,43.648225789958076,42.1875892715442,-1.460636518413878
Bezirk Andelfingen,mean_erw_65plus,75.33400258138535,74.79420700830464,-0.5397955730807098
Bezirk Bülach,mean_kinder_0_12,6.5317635516311014,6.446458397772966,-0.08530515385813509
Bezirk Bülach,mean_erw_18_64,41.61796270988828,40.97551565346277,-0.6424470564255103
Bezirk Bülach,mean_erw_65plus,75.63784914220899,74.41271614532738,-1.2251329968816123
Bezirk Dielsdorf,mean_kinder_0_12,6.5089459849063,6.542329349007211,0.03338336410091092
Bezirk Dielsdorf,mean_erw_18_64,42.15672362679458,41.243533088031356,-0.9131905387632244
Bezirk Dielsdorf,mean_erw_65plus,75.1194273287423,73.95108647840239,-1.1683408503399164
Bezirk Dietikon,mean_kinder_0_12,6.3587403387600725,6.346827918417547,-0.01191242034252582
Bezirk Dietikon,mean_erw_18_64,41.234139069663065,40.93555423738543,-0.29858483227763344
Bezirk Dietikon,mean_erw_65plus,76.23336034263225,74.88625204582651,-1.347108296805743
Bezirk Hinwil,mean_kinder_0_12,6.528164995516426,6.570987654320987,0.042822658804561264
Bezirk Hinwil,mean_erw_18_64,42.37948001753845,41.37371278458844,-1.0057672329500065
Bezirk Hinwil,mean_erw_65plus,75.48894022807707,74.8464693417185,-0.6424708863585664
Bezirk Horgen,mean_kinder_0_12,6.591275371099667,6.368711834835708,-0.22256353626395864
Bezirk Horgen,mean_erw_18_64,42.70103482136113,41.94756497948016,-0.753469841880964
Bezirk Horgen,mean_erw_65plus,76.39622076707202,75.06754603399433,-1.3286747330776905
Bezirk Meilen,mean_kinder_0_12,6.703649635036497,6.505849627750961,-0.1978000072855357
Bezirk Meilen,mean_erw_18_64,43.6715137550404,42.93805460170673,-0.7334591533336692
Bezirk Meilen,mean_erw_65plus,76.70460342523988,75.43881152231972,-1.2657919029201565
Bezirk Pfäffikon,mean_kinder_0_12,6.681259801359122,6.503987467957847,-0.1772723334012749
Bezirk Pfäffikon,mean_erw_18_64,42.75578936375741,41.81948526382289,-0.9363040999345174
Bezirk Pfäffikon,mean_erw_65plus,75.41806997308727,74.16993745956438,-1.24813251352289
Bezirk Uster,mean_kinder_0_12,6.600500902789912,6.4166005291005295,-0.18390037368938295
Bezirk Uster,mean_erw_18_64,42.21189906186642,41.37924351438995,-0.8326555474764703
Bezirk Uster,mean_erw_65plus,76.00310142818853,74.06528322494167,-1.937818203246863
Bezirk Winterthur,mean_kinder_0_12,6.54076754679891,6.3309546463685376,-0.20981290043037237
Bezirk Winterthur,mean_erw_18_64,41.52293390631104,40.57537157107232,-0.9475623352387217
Bezirk Winterthur,mean_erw_65plus,75.9257038502511,75.27252081756245,-0.653183032688645
Bezirk Zürich,mean_kinder_0_12,6.29048713605936,5.934211539942994,-0.35627559611636617
Bezirk Zürich,mean_erw_18_64,40.28412733763911,40.00894408768344,-0.2751832499556741
Bezirk Zürich,mean_erw_65plus,76.54045421740399,76.78071013635467,0.24025591895068032
Birmensdorf (ZH),mean_kinder_0_12,6.264379414732593,6.1625,-0.10187941473259343
Birmensdorf (ZH),mean_erw_18_64,42.124824026278745,42.501614639397204,0.37679061311845885
Birmensdorf (ZH),mean_erw_65plus,76.03899721448468,74.31524547803618,-1.7237517364485058
Bonstetten,mean_kinder_0_12,6.8998664886515355,6.330817610062893,-0.5690488785886423
Bonstetten,mean_erw_18_64,43.23940800928613,42.05101143359718,-1.188396575688948
Bonstetten,mean_erw_65plus,75.03148854961832,73.21958456973294,-1.811903979885372
Boppelsen,mean_kinder_0_12,6.841269841269841,6.444444444444445,-0.3968253968253963
Boppelsen,mean_erw_18_64,43.496629213483146,43.94088669950739,0.44425748602424164
Boppelsen,mean_erw_65plus,75.01683501683502,72.67,-2.3468350168350156
Brütten,mean_kinder_0_12,6.432727272727273,6.556603773584905,0.1238765008576328
Brütten,mean_erw_18_64,44.22247882986913,43.17536704730832,-1.0471117825608118
Brütten,mean_erw_65plus,75.58044806517312,73.48484848484848,-2.095599580324631
Bubikon,mean_kinder_0_12,6.809168443496802,6.624035281146638,-0.18513316235016397
Bubikon,mean_erw_18_64,42.947086403215,42.4128895184136,-0.5341968848014034
Bubikon,mean_erw_65plus,75.30955259975816,74.2198316183349,-1.0897209814232696
Buch am Irchel,mean_kinder_0_12,6.834394904458598,6.559701492537314,-0.2746934119212847
Buch am Irchel,mean_erw_18_64,43.32263242375602,41.704391891891895,-1.6182405318641244
Buch am Irchel,mean_erw_65plus,74.07329842931937,73.1826923076923,-0.8906061216270587
Buchs (ZH),mean_kinder_0_12,6.336196319018405,6.602721088435374,0.2665247694169697
Buchs (ZH),mean_erw_18_64,41.955028248587574,40.66341963599077,-1.2916086125968036
Buchs (ZH),mean_erw_65plus,74.4933586337761,73.19022687609075,-1.3031317576853496
Bäretswil,mean_kinder_0_12,6.657575757575757,6.6609375,0.0033617424242429195
Bäretswil,mean_erw_18_64,43.77896138482024,42.02418574653338,-1.7547756382868656
Bäretswil,mean_erw_65plus,75.36144578313252,74.03002610966057,-1.3314196734719559
Bülach,mean_kinder_0_12,6.320701534606953,6.455861746847267,0.13516021224031416
Bülach,mean_erw_18_64,40.515044247787614,40.121103117505996,-0.39394113028161826
Bülach,mean_erw_65plus,75.91085461689588,74.45767575322812,-1.453178863667759
Dachsen,mean_kinder_0_12,6.9855072463768115,6.937282229965157,-0.048225016411654664
Dachsen,mean_erw_18_64,44.23044575273339,42.58758503401361,-1.6428607187197812
Dachsen,mean_erw_65plus,75.65079365079364,74.14029850746269,-1.5104951433309566
Dielsdorf,mean_kinder_0_12,6.575510204081633,6.582496413199426,0.0069862091177927965
Dielsdorf,mean_erw_18_64,41.6718000504923,41.03907867494824,-0.6327213755440582
Dielsdorf,mean_erw_65plus,75.26695278969957,74.1640826873385,-1.1028701023610665
Dietikon,mean_kinder_0_12,6.255902306648576,6.341772151898734,0.0858698452501585
Dietikon,mean_erw_18_64,40.34370314842579,39.78376792698827,-0.5599352214375202
Dietikon,mean_erw_65plus,76.42497793468667,74.89781021897811,-1.5271677157085577
Dietlikon,mean_kinder_0_12,6.65553235908142,6.435239206534423,-0.2202931525469971
Dietlikon,mean_erw_18_64,41.974375,41.555506607929516,-0.4188683920704861
Dietlikon,mean_erw_65plus,76.50147841513898,74.19938650306749,-2.3020919120714893
Dinhard,mean_kinder_0_12,6.323651452282157,6.385474860335195,0.06182340805303799
Dinhard,mean_erw_18_64,43.167652859960555,43.023068050749714,-0.1445848092108406
Dinhard,mean_erw_65plus,75.52467532467533,73.5056603773585,-2.0190149473168333
Dorf,mean_kinder_0_12,6.395604395604396,7.608695652173913,1.213091256569517
Dorf,mean_erw_18_64,43.896995708154506,42.857142857142854,-1.039852851011652
Dorf,mean_erw_65plus,74.90551181102362,73.71428571428571,-1.191226096737907
Dägerlen,mean_kinder_0_12,7.03,6.666666666666667,-0.3633333333333333
Dägerlen,mean_erw_18_64,43.12867132867133,42.33183856502242,-0.7968327636489079
Dägerlen,mean_erw_65plus,73.56459330143541,75.05882352941177,1.4942302279763595
Dällikon,mean_kinder_0_12,6.408710217755444,6.408510638297872,-1.9957945757198559e-4
Dällikon,mean_erw_18_64,42.457427202359014,41.35349794238683,-1.1039292599721833
Dällikon,mean_erw_65plus,75.08530183727034,72.6614785992218,-2.4238232380485414
Dänikon,mean_kinder_0_12,6.823529411764706,6.188679245283019,-0.6348501664816864
Dänikon,mean_erw_18_64,43.37395659432387,40.83456425406204,-2.539392340261834
Dänikon,mean_erw_65plus,73.9311377245509,73.6524064171123,-0.27873130743859065
Dättlikon,mean_kinder_0_12,6.970873786407767,5.953125,-1.0177487864077666
Dättlikon,mean_erw_18_64,44.67196819085487,41.892561983471076,-2.7794062073837935
Dättlikon,mean_erw_65plus,75.15950920245399,72.91428571428571,-2.2452234881682784
Dübendorf,mean_kinder_0_12,6.346655564807105,6.339315387171818,-0.0073401776352870485
Dübendorf,mean_erw_18_64,40.96535652508168,40.694884175783876,-0.2704723492978047
Dübendorf,mean_erw_65plus,76.65732024834769,74.95214866434378,-1.7051715840039066
Dürnten,mean_kinder_0_12,6.575052854122622,6.673889490790899,0.09883663666827758
Dürnten,mean_erw_18_64,42.85649484536083,41.9002108222066,-0.9562840231542253
Dürnten,mean_erw_65plus,75.24191461836999,74.704995287464655,-0.5369193309053344
Egg,mean_kinder_0_12,6.951492537313433,6.711538461538462,-0.2399540757749712
Egg,mean_erw_18_64,43.86397694524496,42.63168356191612,-1.2322933833288374
Egg,mean_erw_65plus,76.17332035053553,74.13966836734694,-2.033651983188591
Eglisau,mean_kinder_0_12,6.7212903225806455,6.32,-0.40129032258064523
Eglisau,mean_erw_18_64,42.86682450429121,42.103854389721626,-0.7629701145695833
Eglisau,mean_erw_65plus,75.46946564885496,74.05144694533762,-1.4180187035173475
Elgg,mean_kinder_0_12,6.62125748502994,6.615853658536586,-0.005403826493354025
Elgg,mean_erw_18_64,42.777096774193545,41.408016032064126,-1.3690807421294195
Elgg,mean_erw_65plus,75.77734753146176,75.05907172995781,-0.7182758015039497
Ellikon an der Thur,mean_kinder_0_12,6.888888888888889,6.631578947368421,-0.25730994152046804
Ellikon an der Thur,mean_erw_18_64,43.11470588235294,41.71084337349398,-1.403862508858964
Ellikon an der Thur,mean_erw_65plus,74.35057471264368,74.8119658119658,0.4613910993221282
Elsau,mean_kinder_0_12,6.802547770700637,6.571065989847716,-0.23148178085292148
Elsau,mean_erw_18_64,43.183527305282006,42.30902290790089,-0.8745043973811164
Elsau,mean_erw_65plus,75.1787072243346,74.2890756302521,-0.8896315940825019
Embrach,mean_kinder_0_12,6.570863024544734,6.475785896346644,-0.09507712819809022
Embrach,mean_erw_18_64,41.834736513875896,41.175822340958426,-0.6589141729174699
Embrach,mean_erw_65plus,75.37215751525235,73.57296849087894,-1.799189024373419
Erlenbach (ZH),mean_kinder_0_12,6.875722543352601,6.751066856330014,-0.124655687022587
Erlenbach (ZH),mean_erw_18_64,43.95803183791606,42.946583850931674,-1.0114479869843862
Erlenbach (ZH),mean_erw_65plus,76.44389438943894,74.75414634146341,-1.6897480479755274
Fehraltorf,mean_kinder_0_12,6.701199563794984,6.243589743589744,-0.4576098202052403
Fehraltorf,mean_erw_18_64,42.83721488595438,41.481408520068946,-1.3558063658854351
Fehraltorf,mean_erw_65plus,74.4770848985725,73.42318059299191,-1.0539043055805877
Feuerthalen,mean_kinder_0_12,6.7420718816067655,6.39225181598063,-0.3498200656261359
Feuerthalen,mean_erw_18_64,42.62198731501057,40.849220103986134,-1.772767211024437
Feuerthalen,mean_erw_65plus,76.12516644474034,75.87145242070117,-0.2537140240391693
Fischenthal,mean_kinder_0_12,7.137195121951219,6.609065155807365,-0.5281299661438537
Fischenthal,mean_erw_18_64,42.866867469879516,41.48160535117057,-1.385262118708944
Fischenthal,mean_erw_65plus,73.67028199566161,75.31493506493507,1.6446530692734598
Flaach,mean_kinder_0_12,6.41919191919192,7.402777777777778,0.9835858585858581
Flaach,mean_erw_18_64,43.49946062567422,42.056320400500624,-1.4431402251735932
Flaach,mean_erw_65plus,75.44604316546763,76.07920792079207,0.6331647553244437
Flurlingen,mean_kinder_0_12,6.388888888888889,7.17741935483871,0.7885304659498207
Flurlingen,mean_erw_18_64,44.09331919406151,42.523394994559304,-1.5699241995022035
Flurlingen,mean_erw_65plus,76.1258064516129,75.04201680672269,-1.0837896448902171
Freienstein-Teufen,mean_kinder_0_12,6.958646616541353,7.273722627737226,0.31507601119587303
Freienstein-Teufen,mean_erw_18_64,44.58093278463649,42.85330713817944,-1.7276256464570494
Freienstein-Teufen,mean_erw_65plus,74.34239130434783,73.32132132132132,-1.021069983026507
Fällanden,mean_kinder_0_12,6.563401670463174,6.338403041825095,-0.22499862863807873
Fällanden,mean_erw_18_64,42.22014537902388,42.136792452830186,-0.08335292619369739
Fällanden,mean_erw_65plus,75.86942328618063,73.90443213296399,-1.9649911532166442
Geroldswil,mean_kinder_0_12,6.8433566433566435,6.219178082191781,-0.6241785611648627
Geroldswil,mean_erw_18_64,42.10709718670077,42.318167150693775,0.2110699639930047
Geroldswil,mean_erw_65plus,75.71325518485122,73.94792899408284,-1.765326190768377
Glattfelden,mean_kinder_0_12,6.752906976744186,6.496415770609319,-0.256491206134867
Glattfelden,mean_erw_18_64,43.22120496160662,41.563424947145876,-1.6577800144607409
Glattfelden,mean_erw_65plus,75.01916572717023,73.89112227805695,-1.128043449113278
Gossau (ZH),mean_kinder_0_12,6.706772908366534,6.6894001643385375,-0.01737274402799649
Gossau (ZH),mean_erw_18_64,42.99361736077868,42.01990613367859,-0.9737112271000896
Gossau (ZH),mean_erw_65plus,75.42394678492239,74.17818642993025,-1.245760354992143
Greifensee,mean_kinder_0_12,6.770231213872832,6.321027287319422,-0.4492039265534098
Greifensee,mean_erw_18_64,42.55107960038672,40.84508816120907,-1.7059914391776516
Greifensee,mean_erw_65plus,76.9700996677741,73.2603430877901,-3.7097565799839884
Grüningen,mean_kinder_0_12,6.552380952380952,6.558673469387755,0.006292517006802889
Grüningen,mean_erw_18_64,42.86198137171888,42.088698140200286,-0.7732832315185973
Grüningen,mean_erw_65plus,75.00895140664962,74.9919191919192,-0.017032214730420492
Hagenbuch,mean_kinder_0_12,6.434523809523809,6.0606060606060606,-0.37391774891774876
Hagenbuch,mean_erw_18_64,44.31048951048951,42.207692307692305,-2.1027972027972055
Hagenbuch,mean_erw_65plus,73.24630541871922,74.2,0.9536945812807858
Hausen am Albis,mean_kinder_0_12,6.870563674321503,6.628378378378378,-0.2421852959431252
Hausen am Albis,mean_erw_18_64,44.3031847133758,42.710045662100455,-1.5931390512753438
Hausen am Albis,mean_erw_65plus,74.82044887780549,73.55684007707129,-1.263608800734204
Hedingen,mean_kinder_0_12,7.096234309623431,7.05708245243129,-0.03915185719214076
Hedingen,mean_erw_18_64,42.97974068071313,42.13433495360142,-0.8454057271117108
Hedingen,mean_erw_65plus,74.46776406035666,73.54229934924078,-0.9254647111158789
Henggart,mean_kinder_0_12,6.9664179104477615,6.758620689655173,-0.2077972207925889
Henggart,mean_erw_18_64,43.26385809312639,42.22505462490896,-1.0388034682174307
Henggart,mean_erw_65plus,76.064453125,73.9971098265896,-2.0673432984104068
Herrliberg,mean_kinder_0_12,6.74169741697417,6.809402795425667,0.06770537845149693
Herrliberg,mean_erw_18_64,44.322836598065955,43.52398921832884,-0.7988473797371114
Herrliberg,mean_erw_65plus,76.17994858611826,75.15139442231076,-1.0285541638074989
Hettlingen,mean_kinder_0_12,7.0777777777777775,7.3201663201663205,0.24238854238854302
Hettlingen,mean_erw_18_64,43.23128549303046,42.922077922077925,-0.3092075709525375
Hettlingen,mean_erw_65plus,75.60094637223975,75.20374220374221,-0.39720416849753803
Hinwil,mean_kinder_0_12,6.401171303074671,6.554098360655738,0.15292705758106706
Hinwil,mean_erw_18_64,42.73334272432737,41.54167290139159,-1.1916698229357792
Hinwil,mean_erw_65plus,75.69070952567621,74.33511777301928,-1.3555917526569345
Hittnau,mean_kinder_0_12,6.788934426229508,6.724946695095949,-0.06398773113355904
Hittnau,mean_erw_18_64,44.163029525032094,42.30203045685279,-1.8609990681793036
Hittnau,mean_erw_65plus,73.77966101694915,73.70379746835442,-0.07586354859472522
Hochfelden,mean_kinder_0_12,6.514522821576763,6.321678321678322,-0.19284449989844177
Hochfelden,mean_erw_18_64,43.29190992493745,42.430882352941175,-0.8610275719962743
Hochfelden,mean_erw_65plus,74.13317191283294,73.12340425531914,-1.009767657513791
Hombrechtikon,mean_kinder_0_12,6.90279114533205,6.7587844254510925,-0.1440067198809576
Hombrechtikon,mean_erw_18_64,43.13866171003718,42.40477611940298,-0.7338855906341948
Hombrechtikon,mean_erw_65plus,75.60203094777563,74.89636238846946,-0.7056685593061758
Horgen,mean_kinder_0_12,6.508239095315024,6.390685640362225,-0.11755345495279901
Horgen,mean_erw_18_64,42.583940611591636,41.78833746898263,-0.7956031426090036
Horgen,mean_erw_65plus,76.26504729148753,75.36300417246176,-0.9020431190257767
Humlikon,mean_kinder_0_12,7.132352941176471,6.2105263157894735,-0.9218266253869976
Humlikon,mean_erw_18_64,45.44839857651245,42.50950570342205,-2.9388928730904027
Humlikon,mean_erw_65plus,76.38679245283019,72.81818181818181,-3.5686106346483797
Höri,mean_kinder_0_12,6.2420537897310515,6.6689419795221845,0.42688818979113297
Höri,mean_erw_18_64,41.14673188083593,41.634978671541745,0.48824679070581567
Höri,mean_erw_65plus,74.5098814229249,74.70118343195266,0.1913020090277513
Hüntwangen,mean_kinder_0_12,6.603174603174603,6.824,0.22082539682539704
Hüntwangen,mean_erw_18_64,44.61538461538461,43.51539708265802,-1.099987532726594
Hüntwangen,mean_erw_65plus,75.07661290322581,74.08275862068966,-0.993854282536148
Hüttikon,mean_kinder_0_12,7.406976744186046,6.709677419354839,-0.6972993248312074
Hüttikon,mean_erw_18_64,44.47128378378378,42.44421052631579,-2.0270732574679897
Hüttikon,mean_erw_65plus,75.31884057971014,74,-1.318840579710141
Illnau-Effretikon,mean_kinder_0_12,6.4686623012160895,6.491863517060367,0.02320121584427781
Illnau-Effretikon,mean_erw_18_64,41.557377049180324,40.95324571084579,-0.6041313383345326
Illnau-Effretikon,mean_erw_65plus,76.4795918367347,74.13107119095143,-2.3485206457832675
Kappel am Albis,mean_kinder_0_12,6.872246696035242,6.2465753424657535,-0.6256713535694889
Kappel am Albis,mean_erw_18_64,43.92466585662211,42.54668930390493,-1.377976552717186
Kappel am Albis,mean_erw_65plus,74.6,74.4251968503937,-0.17480314960629073
Kilchberg (ZH),mean_kinder_0_12,6.464944649446495,6.11731843575419,-0.34762621369230473
Kilchberg (ZH),mean_erw_18_64,43.164096343787904,42.492994179780126,-0.6711021640077774
Kilchberg (ZH),mean_erw_65plus,77.06057076295865,76.07739557739558,-0.9831751855630699
Kleinandelfingen,mean_kinder_0_12,6.7727272727272725,6.075342465753424,-0.6973848069738482
Kleinandelfingen,mean_erw_18_64,43.704510108864696,42.20266272189349,-1.5018473869712068
Kleinandelfingen,mean_erw_65plus,74.92935982339957,74.65064102564102,-0.27871879775854325
Kloten,mean_kinder_0_12,6.475988100297492,6.490785645004849,0.014797544707357169
Kloten,mean_erw_18_64,41.06695146718958,40.543541304167704,-0.5234101630218788
Kloten,mean_erw_65plus,76.23019086176981,74.94580645161291,-1.2843844101569033
Knonau,mean_kinder_0_12,6.77720207253886,6.203065134099617,-0.574136938439243
Knonau,mean_erw_18_64,43.11201629327902,42.08108108108108,-1.0309352121979387
Knonau,mean_erw_65plus,74.67418546365914,74.73454545454545,0.06035999088631172
Küsnacht (ZH),mean_kinder_0_12,6.61302276336686,6.300187617260788,-0.31283514610607277
Küsnacht (ZH),mean_erw_18_64,43.45750409740108,43.2119769481333,-0.24552714926777952
Küsnacht (ZH),mean_erw_65plus,77.15091164095372,76.080547112462,-1.070364528491723
Langnau am Albis,mean_kinder_0_12,6.617271835132483,6.53392658509455,-0.08334525003793303
Langnau am Albis,mean_erw_18_64,42.523022919677885,42.029773897470335,-0.49324902220755007
Langnau am Albis,mean_erw_65plus,76.8125,74.39831059129305,-2.414189408706946
Laufen-Uhwiesen,mean_kinder_0_12,7.109826589595376,7.044776119402985,-0.06505047019239107
Laufen-Uhwiesen,mean_erw_18_64,45.171875,42.70229007633588,-2.4695849236641223
Laufen-Uhwiesen,mean_erw_65plus,75.9074074074074,74.30868167202573,-1.5987257353816773
Lindau,mean_kinder_0_12,6.626740947075209,6.706489675516224,0.07974872844101455
Lindau,mean_erw_18_64,43.01981579681831,42.26876513317191,-0.7510506636463958
Lindau,mean_erw_65plus,74.97980684811237,73.43679775280899,-1.5430090953033897
Lufingen,mean_kinder_0_12,6.399014778325123,6.481884057971015,0.08286927964589186
Lufingen,mean_erw_18_64,42.7428262046562,42.57792754844145,-0.16489865621474564
Lufingen,mean_erw_65plus,73.63586956521739,73.405,-0.23086956521738955
Marthalen,mean_kinder_0_12,6.460629921259843,6.412322274881516,-0.0483076463783263
Marthalen,mean_erw_18_64,43.49611734253667,41.69320843091335,-1.8029089116233195
Marthalen,mean_erw_65plus,74.37641723356009,74.57328990228012,0.19687266872003306
Maschwanden,mean_kinder_0_12,7.2,6.728395061728395,-0.47160493827160543
Maschwanden,mean_erw_18_64,45.54475703324808,42.38107416879795,-3.1636828644501307
Maschwanden,mean_erw_65plus,75.80833333333334,74.57,-1.238333333333344
Maur,mean_kinder_0_12,6.83134328358209,6.914735099337748,0.08339181575565835
Maur,mean_erw_18_64,44.25187452180566,42.966627138743014,-1.2852473830626465
Maur,mean_erw_65plus,76.56720890410959,74.07344332091537,-2.493765583194218
Meilen,mean_kinder_0_12,6.686418458311484,6.140854472630173,-0.5455639856813104
Meilen,mean_erw_18_64,43.76586308846941,42.75842405391394,-1.0074390345554676
Meilen,mean_erw_65plus,76.81095136127256,75.72082132564842,-1.0901300356241421
Mettmenstetten,mean_kinder_0_12,6.47926267281106,6.91858407079646,0.4393213979854007
Mettmenstetten,mean_erw_18_64,42.806470762837634,42.321647994217564,-0.4848227686200701
Mettmenstetten,mean_erw_65plus,74.92504570383912,73.49514563106796,-1.4299000727711615
Männedorf,mean_kinder_0_12,6.778801843317972,6.494609164420485,-0.28419267889748756
Männedorf,mean_erw_18_64,43.66514676546024,42.64660691421255,-1.018539851247695
Männedorf,mean_erw_65plus,77.10413354531002,75.13435611343562,-1.9697774318744052
Mönchaltorf,mean_kinder_0_12,6.717391304347826,6.632701421800948,-0.08468988254687826
Mönchaltorf,mean_erw_18_64,42.61158072696534,43.19259919750334,0.5810184705379982
Mönchaltorf,mean_erw_65plus,75.08183632734531,72.7664,-2.31543632734531
Neerach,mean_kinder_0_12,6.498567335243553,6.491961414790997,-0.006605920452556369
Neerach,mean_erw_18_64,45.506360078277886,43.81493975903614,-1.6914203192417432
Neerach,mean_erw_65plus,74.57633587786259,72.94,-1.6363358778625923
Neftenbach,mean_kinder_0_12,6.992977528089888,6.3290960451977405,-0.6638814828921475
Neftenbach,mean_erw_18_64,43.888479001135074,41.709769296496724,-2.178709704638351
Neftenbach,mean_erw_65plus,75.0183887915937,73.7341211225997,-1.2842676689939907
Niederglatt,mean_kinder_0_12,6.6103896103896105,6.678200692041522,0.06781108165191174
Niederglatt,mean_erw_18_64,42.072642062097245,41.301515640116094,-0.7711264219811511
Niederglatt,mean_erw_65plus,74.99226519337016,74.58084772370486,-0.41141746966529524
Niederhasli,mean_kinder_0_12,6.471636952998379,6.708860759493671,0.23722380649529207
Niederhasli,mean_erw_18_64,42.03216229589312,40.84610015704066,-1.1860621388524635
Niederhasli,mean_erw_65plus,75.17231134878193,73.31386224934612,-1.8584490994358163
Niederweningen,mean_kinder_0_12,6.74468085106383,6.694656488549619,-0.05002436251421116
Niederweningen,mean_erw_18_64,43.42227848101266,42.34022346368715,-1.0820550173255086
Niederweningen,mean_erw_65plus,74.51660516605166,73.7530487804878,-0.7635563855638594
Nürensdorf,mean_kinder_0_12,6.65414710485133,6.467391304347826,-0.18675580050350415
Nürensdorf,mean_erw_18_64,43.78876927553099,42.7047817047817,-1.0839875707492865
Nürensdorf,mean_erw_65plus,75.90154298310065,73.27479338842976,-2.6267495946708976
Oberembrach,mean_kinder_0_12,6.675675675675675,7.429906542056075,0.7542308663803992
Oberembrach,mean_erw_18_64,44.7,43.01238390092879,-1.6876160990712137
Oberembrach,mean_erw_65plus,75.39917695473251,74.60843373493977,-0.7907432197927449
Oberengstringen,mean_kinder_0_12,6.470326409495549,6.101369863013699,-0.36895654648184983
Oberengstringen,mean_erw_18_64,41.81190150478796,41.14986170480262,-0.6620397999853438
Oberengstringen,mean_erw_65plus,77.03469812630118,75.80559540889527,-1.2291027174059082
Oberglatt,mean_kinder_0_12,6.584158415841584,6.487531172069826,-0.09662724377175813
Oberglatt,mean_erw_18_64,40.63320388349515,40.19424637324809,-0.4389575102470573
Oberglatt,mean_erw_65plus,74.12776659959759,73.4112,-0.7165665995975985
Oberrieden,mean_kinder_0_12,6.600644122383253,6.303085299455535,-0.2975588229277175
Oberrieden,mean_erw_18_64,43.982450331125825,43.236449864498645,-0.74600046662718
Oberrieden,mean_erw_65plus,76.56011730205279,75.14501257334452,-1.4151047287082719
Oberweningen,mean_kinder_0_12,6.402777777777778,6.631336405529954,0.22855862775217606
Oberweningen,mean_erw_18_64,43.56073211314476,41.62202136400986,-1.9387107491348985
Oberweningen,mean_erw_65plus,73.8010752688172,72.93532338308458,-0.865751885732621
Obfelden,mean_kinder_0_12,6.681125439624854,6.3968992248062015,-0.28422621481865207
Obfelden,mean_erw_18_64,41.99718230487461,41.80574600065295,-0.1914363042216607
Obfelden,mean_erw_65plus,75.17481203007519,73.5108538350217,-1.6639581950534819
Oetwil am See,mean_kinder_0_12,6.702749140893471,6.5652951699463324,-0.13745397094713852
Oetwil am See,mean_erw_18_64,42.77633209417596,41.68131499496813,-1.0950170992078299
Oetwil am See,mean_erw_65plus,74.41043890865954,73.40845070422536,-1.0019882044341841
Oetwil an der Limmat,mean_kinder_0_12,6.4884615384615385,6.26431718061674,-0.22414435784479814
Oetwil an der Limmat,mean_erw_18_64,44.3349906774394,43.71819425444596,-0.6167964229934384
Oetwil an der Limmat,mean_erw_65plus,75.76094276094275,73.52182539682539,-2.2391173641173623
Opfikon,mean_kinder_0_12,6.490474541046068,6.0629333333333335,-0.42754120771273474
Opfikon,mean_erw_18_64,39.988771691051376,39.14620044052864,-0.8425712505227381
Opfikon,mean_erw_65plus,75.75439910146012,75.10306917086578,-0.6513299305943434
Ossingen,mean_kinder_0_12,6.452914798206278,7.173913043478261,0.720998245271983
Ossingen,mean_erw_18_64,42.60980207351555,41.98441247002398,-0.6253896034915698
Ossingen,mean_erw_65plus,74.6903409090909,75.1659574468085,0.47561653771759893
Otelfingen,mean_kinder_0_12,7.024258760107816,6.574193548387097,-0.45006521172071956
Otelfingen,mean_erw_18_64,43.25757575757576,41.81609907120743,-1.4414766863683255
Otelfingen,mean_erw_65plus,75.37307692307692,73.2987341772152,-2.0743427458617276
Ottenbach,mean_kinder_0_12,6.626016260162602,6.767676767676767,0.1416605075141657
Ottenbach,mean_erw_18_64,43.33154761904762,43.58953341740227,0.2579857983546532
Ottenbach,mean_erw_65plus,74.14759036144578,73.76842105263158,-0.3791693088141983
Pfungen,mean_kinder_0_12,6.78252427184466,6.594458438287154,-0.1880658335575065
Pfungen,mean_erw_18_64,42.0229799851742,40.391061452513966,-1.6319185326602366
Pfungen,mean_erw_65plus,75.51294498381877,73.97098214285714,-1.5419628409616308
Pfäffikon,mean_kinder_0_12,6.823119777158774,6.37017001545595,-0.45294976170282375
Pfäffikon,mean_erw_18_64,42.78828352287755,41.641928414901386,-1.146355107976163
Pfäffikon,mean_erw_65plus,75.73691808011549,74.7465718638903,-0.9903462162251913
Rafz,mean_kinder_0_12,6.9694793536804305,6.897683397683398,-0.07179595599703248
Rafz,mean_erw_18_64,43.05346127484579,41.719105382865806,-1.3343558919799818
Rafz,mean_erw_65plus,74.78482328482329,75.03050847457627,0.24568518975297593
Regensberg,mean_kinder_0_12,7.625,7.078125,-0.546875
Regensberg,mean_erw_18_64,45.50342465753425,42.109034267912776,-3.3943903896214707
Regensberg,mean_erw_65plus,77.53846153846153,72.8125,-4.725961538461533
Regensdorf,mean_kinder_0_12,6.351283129995793,6.547854785478548,0.1965716554827548
Regensdorf,mean_erw_18_64,41.42483768936241,41.006508387569895,-0.41832930179251804
Regensdorf,mean_erw_65plus,75.74934421451472,74.32969514490027,-1.4196490696144508
Rheinau,mean_kinder_0_12,7.287769784172662,7.2727272727272725,-0.015042511445389373
Rheinau,mean_erw_18_64,45.22222222222222,43.363313609467454,-1.8589086127547674
Rheinau,mean_erw_65plus,74.57777777777778,76.18297872340426,1.6052009456264784
Richterswil,mean_kinder_0_12,6.951233183856503,6.607282184655396,-0.3439509992011063
Richterswil,mean_erw_18_64,43.14511340695879,41.804199342271694,-1.340914064687098
Richterswil,mean_erw_65plus,75.7755170113409,74.21853388658369,-1.5569831247572097
Rickenbach (ZH),mean_kinder_0_12,7.089622641509434,6.744318181818182,-0.3453044596912527
Rickenbach (ZH),mean_erw_18_64,43.015853658536585,41.57142857142857,-1.4444250871080158
Rickenbach (ZH),mean_erw_65plus,75.87658802177859,74.84855233853007,-1.0280356832485182
Rifferswil,mean_kinder_0_12,7.32484076433121,6.235668789808917,-1.0891719745222925
Rifferswil,mean_erw_18_64,44.82255639097745,42.85689354275742,-1.9656628482200276
Rifferswil,mean_erw_65plus,74.65296803652969,75.85123966942149,1.198271632891803
Rorbas,mean_kinder_0_12,7.233830845771144,6.384879725085911,-0.8489511206852329
Rorbas,mean_erw_18_64,42.7717277486911,40.93562231759657,-1.8361054310945306
Rorbas,mean_erw_65plus,74.04513064133016,73.62230215827338,-0.4228284830567759
Russikon,mean_kinder_0_12,6.964349376114082,6.354651162790698,-0.6096982133233837
Russikon,mean_erw_18_64,44.140172867343104,43.07625519063798,-1.063917676705124
Russikon,mean_erw_65plus,75.09500489715965,74.06456043956044,-1.0304444575992164
Rümlang,mean_kinder_0_12,6.31386224934612,6.176620076238882,-0.1372421731072384
Rümlang,mean_erw_18_64,41.36251658139094,40.1198419666374,-1.2426746147535397
Rümlang,mean_erw_65plus,75.71895424836602,75.28488931665062,-0.4340649317153975
Rüschlikon,mean_kinder_0_12,6.502262443438914,6.321192052980132,-0.18107039045878182
Rüschlikon,mean_erw_18_64,43.5551724137931,42.74946137273007,-0.8057110410630344
Rüschlikon,mean_erw_65plus,76.77477477477477,76.088630259624,-0.6861445151507723
Rüti (ZH),mean_kinder_0_12,6.41044282881692,6.498210450966356,0.08776762214943634
Rüti (ZH),mean_erw_18_64,41.94824539257763,40.85593654042989,-1.0923088521477453
Rüti (ZH),mean_erw_65plus,75.6172140430351,75.49545236955481,-0.1217616734802931
Schlatt (ZH),mean_kinder_0_12,7.304761904761905,6.313432835820896,-0.9913290689410088
Schlatt (ZH),mean_erw_18_64,43.73555555555556,42.33555555555556,-1.3999999999999986
Schlatt (ZH),mean_erw_65plus,76.02684563758389,73.58095238095238,-2.445893256631507
Schleinikon,mean_kinder_0_12,6.48314606741573,6.7317073170731705,0.2485612496574401
Schleinikon,mean_erw_18_64,42.90243902439025,42.59166666666667,-0.3107723577235788
Schleinikon,mean_erw_65plus,74.08024691358025,74.23655913978494,0.15631222620469032
Schlieren,mean_kinder_0_12,6.198827961490164,6.2336309523809526,0.034802990890788976
Schlieren,mean_erw_18_64,39.99335385476424,39.676991959064324,-0.316361895699913
Schlieren,mean_erw_65plus,76.2076677316294,75.76945126945127,-0.4382164621781328
Schwerzenbach,mean_kinder_0_12,6.5458786936236395,6.395085066162571,-0.15079362746106817
Schwerzenbach,mean_erw_18_64,41.82863340563991,41.00308641975309,-0.8255469858868238
Schwerzenbach,mean_erw_65plus,76.39553752535497,74.0612516644474,-2.3342858609075705
Schöfflisdorf,mean_kinder_0_12,7.263513513513513,6.103896103896104,-1.1596174096174092
Schöfflisdorf,mean_erw_18_64,45.235365853658536,42.27714932126697,-2.9582165323915675
Schöfflisdorf,mean_erw_65plus,75.61538461538461,74.26209677419355,-1.3532878411910616
Seegräben,mean_kinder_0_12,6.685393258426966,6.708571428571428,0.023178170144461774
Seegräben,mean_erw_18_64,44.27628635346756,41.55808383233533,-2.718202521132234
Seegräben,mean_erw_65plus,74.7153024911032,72.5598086124402,-2.155493878663009
Seuzach,mean_kinder_0_12,6.277955271565495,6.648936170212766,0.3709808986472707
Seuzach,mean_erw_18_64,43.17057378879214,41.68192064923355,-1.4886531395585934
Seuzach,mean_erw_65plus,76.55805626598466,74.38223418573351,-2.1758220802511516
Stadel,mean_kinder_0_12,6.447272727272727,7.076305220883534,0.6290324936108069
Stadel,mean_erw_18_64,43.18151815181518,42.34689178818112,-0.8346263636340652
Stadel,mean_erw_65plus,75.20135746606334,74.93396226415095,-0.2673952019123931
Stallikon,mean_kinder_0_12,6.593908629441624,6.196808510638298,-0.3971001188033263
Stallikon,mean_erw_18_64,44.26380628717077,43.19952718676123,-1.0642791004095429
Stallikon,mean_erw_65plus,74.78630136986301,73.3015873015873,-1.4847140682757072
Stammheim,mean_kinder_0_12,6.680440771349862,NA,NA
Stammheim,mean_erw_18_64,43.55365853658537,NA,NA
Stammheim,mean_erw_65plus,74.92394366197183,NA,NA
Steinmaur,mean_kinder_0_12,6.536748329621381,6.489189189189189,-0.04755914043219178
Steinmaur,mean_erw_18_64,42.22178130511464,41.533018867924525,-0.688762437190114
Steinmaur,mean_erw_65plus,75.3352033660589,73.68014705882354,-1.6550563072353697
Stäfa,mean_kinder_0_12,6.634639696586599,6.489234449760765,-0.14540524682583378
Stäfa,mean_erw_18_64,44.00477924442421,43.06375101237996,-0.9410282320442533
Stäfa,mean_erw_65plus,76.20074152542372,74.56796956070563,-1.6327719647180885
Thalheim an der Thur,mean_kinder_0_12,6.336134453781512,6.725,0.38886554621848735
Thalheim an der Thur,mean_erw_18_64,44.12418300653595,42.80305927342256,-1.3211237331133887
Thalheim an der Thur,mean_erw_65plus,74.86931818181819,74.19827586206897,-0.671042319749219
Thalwil,mean_kinder_0_12,6.492486045513096,6.018380526577248,-0.47410551893584785
Thalwil,mean_erw_18_64,42.638444735692445,42.03798602401003,-0.600458711682414
Thalwil,mean_erw_65plus,76.60777957860616,75.23220287198289,-1.3755767066232636
Truttikon,mean_kinder_0_12,6.811320754716981,7.260273972602739,0.4489532178857587
Truttikon,mean_erw_18_64,44.52430555555556,43.19191919191919,-1.3323863636363669
Truttikon,mean_erw_65plus,74.5,74.21126760563381,-0.2887323943661926
Trüllikon,mean_kinder_0_12,6.711538461538462,6.686440677966102,-0.02509778357235959
Trüllikon,mean_erw_18_64,43.62003179650238,43.68412942989214,0.06409763338975694
Trüllikon,mean_erw_65plus,74.25182481751825,74.36666666666666,0.11484184914840512
Turbenthal,mean_kinder_0_12,6.859574468085106,6.810964083175803,-0.048610384909302695
Turbenthal,mean_erw_18_64,42.74470198675497,41.65849260728453,-1.0862093794704393
Turbenthal,mean_erw_65plus,74.26666666666667,74.07348242811501,-0.1931842385516518
Uetikon am See,mean_kinder_0_12,6.581769436997319,7.29228855721393,0.7105191202166115
Uetikon am See,mean_erw_18_64,43.85297157622739,43.11552866609046,-0.7374429101369273
Uetikon am See,mean_erw_65plus,76.36506800286328,74.64011246485474,-1.724955538008544
Uitikon,mean_kinder_0_12,6.328859060402684,6.777041942604857,0.44818288220217273
Uitikon,mean_erw_18_64,43.58658294778586,44.11054421768708,0.5239612699012213
Uitikon,mean_erw_65plus,76.48621323529412,75.81526548672566,-0.6709477485684516
Unterengstringen,mean_kinder_0_12,6.432637571157495,6.3154929577464785,-0.11714461341101678
Unterengstringen,mean_erw_18_64,42.81045490822027,42.66864175022789,-0.14181315799238092
Unterengstringen,mean_erw_65plus,75.39532293986638,73.80151515151515,-1.5938077883512278
Urdorf,mean_kinder_0_12,6.6255707762557075,6.501411100658514,-0.12415967559719387
Urdorf,mean_erw_18_64,41.93781486146096,41.24929577464789,-0.6885190868130664
Urdorf,mean_erw_65plus,76.68615528531338,74.69531680440771,-1.9908384809056656
Uster,mean_kinder_0_12,6.578525641025641,6.318599453687608,-0.2599261873380332
Uster,mean_erw_18_64,42.21674681254687,41.07359714258859,-1.1431496699582837
Uster,mean_erw_65plus,75.880261248185775,74.40757490107406,-1.4726863471117184
Volken,mean_kinder_0_12,6.072727272727272,6.454545454545454,0.38181818181818183
Volken,mean_erw_18_64,43.721115537848604,42.19191919191919,-1.5291963459294138
Volken,mean_erw_65plus,75.64583333333333,75.54545454545455,-0.10037878787878185
Volketswil,mean_kinder_0_12,6.70872641509434,6.269728601252609,-0.43899781384173053
Volketswil,mean_erw_18_64,42.49295660621762,41.34664153529815,-1.1463150709194707
Volketswil,mean_erw_65plus,75.27473806752037,72.68654244306418,-2.5881956244561906
Wald (ZH),mean_kinder_0_12,6.4492979719188765,6.687216681776972,0.2379187098580955
Wald (ZH),mean_erw_18_64,42.7705800892445,41.458024478538185,-1.3125556107063119
Wald (ZH),mean_erw_65plus,75.05199222546162,75.94205729166667,0.8900650662050538
Wallisellen,mean_kinder_0_12,6.392237442922374,6.311589613679544,-0.08064782924282987
Wallisellen,mean_erw_18_64,41.120359856756046,40.73853820598006,-0.38182165077598285
Wallisellen,mean_erw_65plus,76.29657794676807,75.45658377496943,-0.8399941717986366
Wangen-Brüttisellen,mean_kinder_0_12,6.553949903660886,6.600411946446962,0.04646204278607602
Wangen-Brüttisellen,mean_erw_18_64,42.140030441400306,40.863912054586805,-1.2761183868135006
Wangen-Brüttisellen,mean_erw_65plus,74.5754716981132,73.37529137529137,-1.2001803228218364
Wasterkingen,mean_kinder_0_12,6.666666666666667,6.422535211267606,-0.244131455399061
Wasterkingen,mean_erw_18_64,44.357348703170025,44.43076923076923,0.07342052759920392
Wasterkingen,mean_erw_65plus,73.22368421052632,74.86666666666666,1.642982456140345
Weiach,mean_kinder_0_12,6.145522388059701,6.024390243902439,-0.12113214415726237
Weiach,mean_erw_18_64,42.076868829337094,43.417151162790695,1.340282333453601
Weiach,mean_erw_65plus,73.8921568627451,75.14193548387097,1.24977862112587
Weiningen (ZH),mean_kinder_0_12,6.430252100840336,6.584558823529412,0.15430672268907575
Weiningen (ZH),mean_erw_18_64,42.379277262551966,41.75841721624436,-0.6208600463076053
Weiningen (ZH),mean_erw_65plus,74.71854304635761,73.5548060708263,-1.1637369755313074
Weisslingen,mean_kinder_0_12,6.9571788413098234,6.880898876404494,-0.0762799649053294
Weisslingen,mean_erw_18_64,43.08770257387989,43.031899468342196,-0.05580310553769152
Weisslingen,mean_erw_65plus,74.9627659574468,73.87890625,-1.0838597074468055
Wettswil am Albis,mean_kinder_0_12,7.121887287024902,6.327586206896552,-0.7943010801283501
Wettswil am Albis,mean_erw_18_64,43.52977346278317,42.80349344978166,-0.7262800130015066
Wettswil am Albis,mean_erw_65plus,76.26436781609195,73.85450597176981,-2.409861844322137
Wetzikon (ZH),mean_kinder_0_12,6.404456654456655,6.42841204908888,0.023955394632225513
Wetzikon (ZH),mean_erw_18_64,41.27987668500272,40.548464491362765,-0.7314121936399545
Wetzikon (ZH),mean_erw_65plus,75.98422649140547,75.03204601479047,-0.9521804766149984
Wiesendangen,mean_kinder_0_12,6.5343601895734595,6.4984227129337535,-0.035937476639706034
Wiesendangen,mean_erw_18_64,43.47030699547056,42.88168724279836,-0.5886197526722015
Wiesendangen,mean_erw_65plus,75.88402915838303,74.87068965517241,-1.0133395032106165
Wil (ZH),mean_kinder_0_12,6.509708737864078,6.697183098591549,0.18747436072747092
Wil (ZH),mean_erw_18_64,43.71215351812367,42.69248554913295,-1.0196679689907242
Wil (ZH),mean_erw_65plus,74.8179190751445,75.51674641148325,0.698827336338752
Wila,mean_kinder_0_12,6.382352941176471,6.768518518518518,0.38616557734204715
Wila,mean_erw_18_64,43.362760834670944,42.15600624024961,-1.2067545944213336
Wila,mean_erw_65plus,74.53990610328638,74.71061093247589,0.17070482918950347
Wildberg,mean_kinder_0_12,6.55,5.7611940298507465,-0.7888059701492534
Wildberg,mean_erw_18_64,44.63934426229508,42.594339622641506,-2.045004639653577
Wildberg,mean_erw_65plus,74.91584158415841,74.07801418439716,-0.8378273997612524
Winkel,mean_kinder_0_12,6.540308747855918,6.871495327102804,0.33118657924688577
Winkel,mean_erw_18_64,43.809167750325095,43.027200604457875,-0.7819671458672204
Winkel,mean_erw_65plus,75.07290640394089,73.01063829787235,-2.0622681060685437
Winterthur,mean_kinder_0_12,6.447711303635992,6.175402563259941,-0.2723087403760509
Winterthur,mean_erw_18_64,40.7398340902528,39.91545922643995,-0.8243748638128494
Winterthur,mean_erw_65plus,76.15080534276174,75.694090779332,-0.4567145634297418
Wädenswil,mean_kinder_0_12,6.672659430122117,6.554635761589404,-0.11802366853271273
Wädenswil,mean_erw_18_64,42.74007407888752,41.76487317448117,-0.9752009044063499
Wädenswil,mean_erw_65plus,75.93329756795423,74.76783893985728,-1.1654586280969426
Zell (ZH),mean_kinder_0_12,6.840277777777778,6.738931297709923,-0.1013464800678543
Zell (ZH),mean_erw_18_64,42.772343594836144,41.17011963816749,-1.6022239566686522
Zell (ZH),mean_erw_65plus,76.17960784313725,74.93762575452716,-1.2419820886100865
Zollikon,mean_kinder_0_12,6.574370709382151,6.205527994330263,-0.3688427150518887
Zollikon,mean_erw_18_64,43.53046639919759,43.26955770061951,-0.26090869857808485
Zollikon,mean_erw_65plus,77.96042815439507,76.7752596789424,-1.1851684754526701
Zumikon,mean_kinder_0_12,6.94965034965035,6.506891271056662,-0.4427590785936877
Zumikon,mean_erw_18_64,43.88655862726406,43.367947386638974,-0.5186112406250842
Zumikon,mean_erw_65plus,77.34653465346534,75.35545385202136,-1.9910808014439851
Zürich,mean_kinder_0_12,6.29048713605936,5.934211539942994,-0.35627559611636617
Zürich,mean_erw_18_64,40.28412733763911,40.00894408768344,-0.2751832499556741
Zürich,mean_erw_65plus,76.54045421740399,76.78071013635467,0.24025591895068032
NA,mean_kinder_0_12,6.498284187814651,NA,NA
NA,mean_erw_18_64,41.666350381402815,NA,NA
NA,mean_erw_65plus,76.02907881899516,NA,NA
Bertschikon,mean_kinder_0_12,NA,6.734848484848484,NA
Bertschikon,mean_erw_18_64,NA,41.86395511921459,NA
Bertschikon,mean_erw_65plus,NA,74.46666666666667,NA
Hirzel,mean_kinder_0_12,NA,6.197278911564626,NA
Hirzel,mean_erw_18_64,NA,42.951981707317074,NA
Hirzel,mean_erw_65plus,NA,76.02754820936639,NA
Hofstetten (ZH),mean_kinder_0_12,NA,5.869565217391305,NA
Hofstetten (ZH),mean_erw_18_64,NA,41.282051282051285,NA
Hofstetten (ZH),mean_erw_65plus,NA,74.86764705882354,NA
Hütten,mean_kinder_0_12,NA,6.843283582089552,NA
Hütten,mean_erw_18_64,NA,42.64051094890511,NA
Hütten,mean_erw_65plus,NA,75.54744525547446,NA
Kyburg,mean_kinder_0_12,NA,7.092307692307692,NA
Kyburg,mean_erw_18_64,NA,43.897887323943664,NA
Kyburg,mean_erw_65plus,NA,74.0952380952381,NA
La Baroche,mean_kinder_0_12,NA,6.325823775435846,NA
La Baroche,mean_erw_18_64,NA,41.039480302964975,NA
La Baroche,mean_erw_65plus,NA,75.29854137376984,NA
Oberstammheim,mean_kinder_0_12,NA,6.563758389261745,NA
Oberstammheim,mean_erw_18_64,NA,42.3125,NA
Oberstammheim,mean_erw_65plus,NA,75.57142857142857,NA
Schönenberg (ZH),mean_kinder_0_12,NA,6.7853881278538815,NA
Schönenberg (ZH),mean_erw_18_64,NA,43.576354679802954,NA
Schönenberg (ZH),mean_erw_65plus,NA,74.09915014164307,NA
Sternenberg,mean_kinder_0_12,NA,6.76595744680851,NA
Sternenberg,mean_erw_18_64,NA,44.12676056338028,NA
Sternenberg,mean_erw_65plus,NA,74.64,NA
Unterstammheim,mean_kinder_0_12,NA,6.701754385964913,NA
Unterstammheim,mean_erw_18_64,NA,41.962162162162166,NA
Unterstammheim,mean_erw_65plus,NA,75.49242424242425,NA
Waltalingen,mean_kinder_0_12,NA,6.975,NA
Waltalingen,mean_erw_18_64,NA,42.169603524229075,NA
Waltalingen,mean_erw_65plus,NA,74.03809523809524,NA
